[
     {
          "tel1": "123",
          "tel2": "321",
          "trayecto": "AF",
          "equipajes": 2,
          "peso": 57,
          "categoria": "Premium",
          "inicio": "A",
          "fin": "F",
          "nombre": "hola",
          "fecha": "04:12:54",
          "tren": "1-2A",
          "seccion": 2,
          "precio": 90000,
          "apellido": "como",
          "vagon": 2,
          "id": "678"
     },
     {
          "tel1": "123",
          "tel2": "321",
          "trayecto": "AF",
          "equipajes": 2,
          "peso": 57,
          "categoria": "Premium",
          "inicio": "A",
          "fin": "F",
          "nombre": "hola",
          "fecha": "04:13:28",
          "tren": "1-2A",
          "seccion": 1,
          "precio": 90000,
          "apellido": "como",
          "vagon": 2,
          "id": "678"
     },
     {
          "tel1": "4837578",
          "tel2": "4358958",
          "trayecto": "AF",
          "equipajes": 1,
          "peso": 50,
          "categoria": "Premium",
          "inicio": "A",
          "fin": "F",
          "nombre": "Hatsune",
          "fecha": "04:17:21",
          "tren": "1-2A",
          "seccion": 0,
          "precio": 90000,
          "apellido": "Miku",
          "vagon": 2,
          "id": "66"
     },
     {
          "tel1": "456",
          "tel2": "789",
          "trayecto": "AFE",
          "equipajes": 1,
          "peso": 55,
          "categoria": "Estandar",
          "inicio": "A",
          "fin": "E",
          "nombre": "candy",
          "fecha": "18:17:27",
          "tren": "1-2A",
          "seccion": 16,
          "precio": 207000,
          "apellido": "white",
          "vagon": 2,
          "id": "874587"
     }
]