[
    {
        "Nombre": "Mercedes-Benz",
        "Carga": 28,
        "Identificador": "1-2A",
        "Kilometraje": 0
    },
    {
        "Nombre": "Arnold",
        "Carga": 32,
        "Identificador": "1-3A",
        "Kilometraje": 0
    },
    {
        "Nombre": "Mercedes-Benz",
        "Carga": 28,
        "Identificador": "1-5A",
        "Kilometraje": 0
    },
    {
        "Nombre": "Mercedes-Benz",
        "Carga": 28,
        "Identificador": "1-6A",
        "Kilometraje": 0
    },
    {
        "Nombre": "Mercedes-Benz",
        "Carga": 28,
        "Identificador": "1-7A",
        "Kilometraje": 0
    },
    {
        "Nombre": "Mercedes-Benz",
        "Carga": 28,
        "Identificador": "1-8A",
        "Kilometraje": 0
    },
    {
        "Nombre": "Mercedes-Benz",
        "Carga": 28,
        "Identificador": "1-9A",
        "Kilometraje": 0
    },
    {
        "Nombre": "Mercedes-Benz",
        "Carga": 28,
        "Identificador": "1-10A",
        "Kilometraje": 0
    }
]